{
  "f8e6b000-5643-4b86-9080-aa680ce1f599": {
    "asset": 1523971143000,
    "meta": 1523971143000,
    "relativePath": "image"
  },
  "fc09f9bd-2cce-4605-b630-8145ef809ed6": {
    "asset": 1523971143000,
    "meta": 1523971143000,
    "relativePath": "misc"
  },
  "2be36297-9abb-4fee-8049-9ed5e271da8a": {
    "asset": 1523971143000,
    "meta": 1523971143000,
    "relativePath": "misc/default_video.mp4"
  },
  "f6e6dd15-71d1-4ffe-ace7-24fd39942c05": {
    "asset": 1523971143000,
    "meta": 1523971143000,
    "relativePath": "obsolete"
  },
  "b8223619-7e38-47c4-841f-9160c232495a": {
    "asset": 1523971143000,
    "meta": 1523971143000,
    "relativePath": "obsolete/atom.plist"
  },
  "f743d2b6-b7ea-4c14-a55b-547ed4d0a045": {
    "asset": 1523971143000,
    "meta": 1523971143000,
    "relativePath": "particle"
  },
  "b2687ac4-099e-403c-a192-ff477686f4f5": {
    "asset": 1523971143000,
    "meta": 1523971143000,
    "relativePath": "particle/atom.plist"
  },
  "ae6c6c98-11e4-452f-8758-75f5c6a56e83": {
    "asset": 1523971143000,
    "meta": 1523971143000,
    "relativePath": "prefab"
  },
  "29f52784-2fca-467b-92e7-8fd9ef8c57b7": {
    "asset": 1526694163170,
    "meta": 1526694163168,
    "relativePath": "Scene"
  },
  "4734c20c-0db8-4eb2-92ea-e692f4d70934": {
    "asset": 1526730414275,
    "meta": 1526694163179,
    "relativePath": "Script"
  },
  "2d2f792f-a40c-49bb-a189-ed176a246e49": {
    "asset": 1526787916254,
    "meta": 1526787916266,
    "relativePath": "Scene/helloworld.fire"
  },
  "7b81d4e8-ec84-4716-968d-500ac1d78a54": {
    "asset": 1526743601557,
    "meta": 1526694163167,
    "relativePath": "Texture"
  },
  "2a2b8481-a531-421f-87f8-0ea83e4a5ace": {
    "asset": 1526698601978,
    "meta": 1526698602038,
    "relativePath": "Texture/start.png"
  },
  "c173673a-eb9e-40b1-a9a0-3f794ea4858e": {
    "asset": 1526698663028,
    "meta": 1526698663053,
    "relativePath": "Texture/椭圆6副本@2x.png"
  },
  "adf446d5-5d44-4d9e-a9fc-3ba84d87934b": {
    "asset": 1526729503156,
    "meta": 1526729503173,
    "relativePath": "Animation/Elevator.anim"
  },
  "c7976b38-8abe-4457-8198-2b4c539cd736": {
    "asset": 1526743832099,
    "meta": 1526702548916,
    "relativePath": "Prefab"
  },
  "c580fe7e-4cc9-401d-8bb1-a85f40b86636": {
    "asset": 1526704824290,
    "meta": 1526701453304,
    "relativePath": "Script/Readm"
  },
  "822cbefe-8e71-4c00-b362-b1645259d4d0": {
    "asset": 1526729512452,
    "meta": 1526729512461,
    "relativePath": "Prefab/ShouJiDianTi.prefab"
  },
  "e752d299-5152-41cc-87c6-0dc38438b974": {
    "asset": 1526711533386,
    "meta": 1526711533423,
    "relativePath": "Texture/square.png"
  },
  "4a29b02d-fc90-4d76-ab7a-3b0c2949f8a7": {
    "asset": 1526711533386,
    "meta": 1526711533424,
    "relativePath": "Texture/yuan.png"
  },
  "9c886366-6275-4da9-8a1c-23540133a943": {
    "asset": 1526711537247,
    "meta": 1526711537265,
    "relativePath": "Texture/san.png"
  },
  "f91507e1-c563-468c-a16d-9249ff53ac5c": {
    "asset": 1526711540450,
    "meta": 1526711540465,
    "relativePath": "Texture/ll.png"
  },
  "e08b4f92-a043-4d33-a042-672eceb889b6": {
    "asset": 1526714807929,
    "meta": 1526712112706,
    "relativePath": "Script/1.html"
  },
  "4a16271a-4372-4150-9082-eea23335abc3": {
    "asset": 1526732745629,
    "meta": 1526732745640,
    "relativePath": "Prefab/LingXing.prefab"
  },
  "acce479d-2557-48d9-b455-3b9ee6894d62": {
    "asset": 1526732780803,
    "meta": 1526732780809,
    "relativePath": "Prefab/yuan.prefab"
  },
  "a7b5c1e6-9744-4e17-9d2a-f6c185791277": {
    "asset": 1526732770087,
    "meta": 1526732770091,
    "relativePath": "Prefab/square.prefab"
  },
  "6cb94e3d-e0b1-4103-88ab-751868a15cbf": {
    "asset": 1526732760862,
    "meta": 1526732760867,
    "relativePath": "Prefab/san.prefab"
  },
  "a469ba0f-666d-41b4-bd0a-ec710f603806": {
    "asset": 1526720778442,
    "meta": 1526720778505,
    "relativePath": "Texture/0x1024a0a0.png"
  },
  "c25b9d50-c8fc-4d27-beeb-6e7c1f2e5c0f": {
    "asset": 1523971143000,
    "meta": 1527042309362,
    "relativePath": "image/default_toggle_disabled.png"
  },
  "d29077ba-1627-4a72-9579-7b56a235340c": {
    "asset": 1523971143000,
    "meta": 1527042309363,
    "relativePath": "image/default_toggle_normal.png"
  },
  "972b9a4d-47ee-4c74-b5c3-61d8a69bc29f": {
    "asset": 1523971143000,
    "meta": 1527042309367,
    "relativePath": "prefab/button.prefab"
  },
  "2c937608-2562-40ea-b264-7395df6f0cea": {
    "asset": 1523971143000,
    "meta": 1527042309370,
    "relativePath": "prefab/canvas.prefab"
  },
  "b181c1e4-0a72-4a91-bfb0-ae6f36ca60bd": {
    "asset": 1523971143000,
    "meta": 1527042309369,
    "relativePath": "image/default_toggle_pressed.png"
  },
  "61aeb05b-3b32-452b-8eed-2b76deeed554": {
    "asset": 1523971143000,
    "meta": 1527042309372,
    "relativePath": "prefab/editbox.prefab"
  },
  "27756ebb-3d33-44b0-9b96-e858fadd4dd4": {
    "asset": 1523971143000,
    "meta": 1527042309372,
    "relativePath": "prefab/label.prefab"
  },
  "785a442c-3ceb-45be-a46e-7317f625f3b9": {
    "asset": 1523971143000,
    "meta": 1527042309376,
    "relativePath": "prefab/layout.prefab"
  },
  "ca8401fe-ad6e-41a8-bd46-8e3e4e9945be": {
    "asset": 1523971143000,
    "meta": 1527042309375,
    "relativePath": "prefab/pageview.prefab"
  },
  "cd33edea-55f5-46c2-958d-357a01384a36": {
    "asset": 1523971143000,
    "meta": 1527042309379,
    "relativePath": "prefab/particlesystem.prefab"
  },
  "5965ffac-69da-4b55-bcde-9225d0613c28": {
    "asset": 1523971143000,
    "meta": 1527042309379,
    "relativePath": "prefab/progressBar.prefab"
  },
  "4a37dd57-78cd-4cec-aad4-f11a73d12b63": {
    "asset": 1523971143000,
    "meta": 1527042309389,
    "relativePath": "prefab/richtext.prefab"
  },
  "32044bd2-481f-4cf1-a656-e2b2fb1594eb": {
    "asset": 1523971143000,
    "meta": 1527042309390,
    "relativePath": "prefab/scrollview.prefab"
  },
  "1f55e3be-b89b-4b79-88de-47fd31018044": {
    "asset": 1523971143000,
    "meta": 1527042309391,
    "relativePath": "prefab/sprite_splash.prefab"
  },
  "0004d1cf-a0ad-47d8-ab17-34d3db9d35a3": {
    "asset": 1523971143000,
    "meta": 1527042309391,
    "relativePath": "prefab/slider.prefab"
  },
  "96083d03-c332-4a3f-9386-d03e2d19e8ee": {
    "asset": 1523971143000,
    "meta": 1527042309393,
    "relativePath": "prefab/sprite.prefab"
  },
  "7de03a80-4457-438d-95a7-3e7cdffd6086": {
    "asset": 1523971143000,
    "meta": 1527042309393,
    "relativePath": "prefab/tiledmap.prefab"
  },
  "0d784963-d024-4ea6-a7db-03be0ad63010": {
    "asset": 1523971143000,
    "meta": 1527042309395,
    "relativePath": "prefab/toggle.prefab"
  },
  "bf0a434c-84dd-4a8e-a08a-7a36f180cc75": {
    "asset": 1523971143000,
    "meta": 1527042309406,
    "relativePath": "prefab/toggleContainer.prefab"
  },
  "232d2782-c4bd-4bb4-9e01-909f03d6d3b9": {
    "asset": 1523971143000,
    "meta": 1527042309407,
    "relativePath": "prefab/videoplayer.prefab"
  },
  "d1b8be49-b0a0-435c-83b7-552bed4bbe35": {
    "asset": 1523971143000,
    "meta": 1527042309404,
    "relativePath": "prefab/toggleGroup.prefab"
  },
  "8c5001fd-07ee-4a4b-a8a0-63e15195e94d": {
    "asset": 1523971143000,
    "meta": 1527042309408,
    "relativePath": "prefab/webview.prefab"
  },
  "00173811-7f7f-44c7-92b1-50ae297ec898": {
    "asset": 1526722081295,
    "meta": 1526722081301,
    "relativePath": "Prefab/Graphics.prefab"
  },
  "a83c4777-e74b-41bd-a726-c47356bd999c": {
    "asset": 1526723721574,
    "meta": 1526723723359,
    "relativePath": "Script/Graphic.js"
  },
  "cc0a96f0-f9b3-462f-9170-e67a7af7fa80": {
    "asset": 1526732533023,
    "meta": 1526732523906,
    "relativePath": "Texture/Animation"
  },
  "7d1c4bb2-f47c-4126-af7d-d9fdf6c6ff02": {
    "asset": 1526732532997,
    "meta": 1526732533051,
    "relativePath": "Texture/Animation/yuan_00001.png"
  },
  "46d22059-6eef-4859-981d-213b24984379": {
    "asset": 1526732532997,
    "meta": 1526732533054,
    "relativePath": "Texture/Animation/yuan_00002.png"
  },
  "7145d0bf-d034-421f-8250-dce092d8709d": {
    "asset": 1526732532997,
    "meta": 1526732533081,
    "relativePath": "Texture/Animation/yuan_00004.png"
  },
  "251dc7b9-fe5d-448f-94e8-636161d5dd9d": {
    "asset": 1526732532997,
    "meta": 1526732533082,
    "relativePath": "Texture/Animation/yuan_00005.png"
  },
  "4ef06a6d-fb9f-40b7-bdab-240b3150c30e": {
    "asset": 1526732532997,
    "meta": 1526732533095,
    "relativePath": "Texture/Animation/yuan_00010.png"
  },
  "ce312964-fbdf-45df-aee3-d03474b45976": {
    "asset": 1526732532997,
    "meta": 1526732533099,
    "relativePath": "Texture/Animation/yuan_00006.png"
  },
  "634da99c-d1d0-47e1-811b-2f64ae28234d": {
    "asset": 1526732532997,
    "meta": 1526732533114,
    "relativePath": "Texture/Animation/yuan_00011.png"
  },
  "1d435258-684b-43e1-b629-b3a50d067cf5": {
    "asset": 1526732532997,
    "meta": 1526732533115,
    "relativePath": "Texture/Animation/yuan_00013.png"
  },
  "999b726e-386c-40f4-8f06-0601afeca0d0": {
    "asset": 1526732532998,
    "meta": 1526732533131,
    "relativePath": "Texture/Animation/yuan_00012.png"
  },
  "435e6bc5-74ee-4323-954c-4617605fafbc": {
    "asset": 1526732532998,
    "meta": 1526732533135,
    "relativePath": "Texture/Animation/yuan_00015.png"
  },
  "aa4931ae-6655-45e3-a290-6f8c2c97b99b": {
    "asset": 1526732532998,
    "meta": 1526732533150,
    "relativePath": "Texture/Animation/yuan_00014.png"
  },
  "f66be87e-2160-4e8d-8c1c-3d8d8452c7c1": {
    "asset": 1526732532998,
    "meta": 1526732533152,
    "relativePath": "Texture/Animation/yuan_00003.png"
  },
  "516a645e-0fd5-44d7-bbb1-02452266c75f": {
    "asset": 1526732533009,
    "meta": 1526732533168,
    "relativePath": "Texture/Animation/yuan_00007.png"
  },
  "95bb2887-7e5b-49a4-b785-01d1eca878a4": {
    "asset": 1526732533009,
    "meta": 1526732533169,
    "relativePath": "Texture/Animation/yuan_00008.png"
  },
  "2548fa61-ed26-4462-bc8c-6b69b6bd4600": {
    "asset": 1526732533010,
    "meta": 1526732533184,
    "relativePath": "Texture/Animation/yuan_00009.png"
  },
  "9ee9083c-4aef-4c4a-a198-54bff0636bb4": {
    "asset": 1526732731679,
    "meta": 1526732731694,
    "relativePath": "Animation/Posui.anim"
  },
  "e851e89b-faa2-4484-bea6-5c01dd9f06e2": {
    "asset": 1523971143000,
    "meta": 1527042309271,
    "relativePath": "image/default_btn_normal.png"
  },
  "71561142-4c83-4933-afca-cb7a17f67053": {
    "asset": 1523971143000,
    "meta": 1527042309269,
    "relativePath": "image/default_btn_disabled.png"
  },
  "d81ec8ad-247c-4e62-aa3c-d35c4193c7af": {
    "asset": 1523971143000,
    "meta": 1527042309284,
    "relativePath": "image/default_panel.png"
  },
  "b43ff3c2-02bb-4874-81f7-f2dea6970f18": {
    "asset": 1523971143000,
    "meta": 1527042309284,
    "relativePath": "image/default_btn_pressed.png"
  },
  "99170b0b-d210-46f1-b213-7d9e3f23098a": {
    "asset": 1523971143000,
    "meta": 1527042309301,
    "relativePath": "image/default_progressbar_bg.png"
  },
  "cfef78f1-c8df-49b7-8ed0-4c953ace2621": {
    "asset": 1523971143000,
    "meta": 1527042309300,
    "relativePath": "image/default_progressbar.png"
  },
  "567dcd80-8bf4-4535-8a5a-313f1caf078a": {
    "asset": 1523971143000,
    "meta": 1527042309320,
    "relativePath": "image/default_radio_button_off.png"
  },
  "9d60001f-b5f4-4726-a629-2659e3ded0b8": {
    "asset": 1523971143000,
    "meta": 1527042309318,
    "relativePath": "image/default_radio_button_on.png"
  },
  "4bab67cb-18e6-4099-b840-355f0473f890": {
    "asset": 1523971143000,
    "meta": 1527042309322,
    "relativePath": "image/default_scrollbar_bg.png"
  },
  "617323dd-11f4-4dd3-8eec-0caf6b3b45b9": {
    "asset": 1523971143000,
    "meta": 1527042309327,
    "relativePath": "image/default_scrollbar_vertical_bg.png"
  },
  "d6d3ca85-4681-47c1-b5dd-d036a9d39ea2": {
    "asset": 1523971143000,
    "meta": 1527042309333,
    "relativePath": "image/default_scrollbar_vertical.png"
  },
  "0291c134-b3da-4098-b7b5-e397edbe947f": {
    "asset": 1523971143000,
    "meta": 1527042309338,
    "relativePath": "image/default_scrollbar.png"
  },
  "0275e94c-56a7-410f-bd1a-fc7483f7d14a": {
    "asset": 1523971143000,
    "meta": 1527042309339,
    "relativePath": "image/default_sprite_splash.png"
  },
  "6e056173-d285-473c-b206-40a7fff5386e": {
    "asset": 1523971143000,
    "meta": 1527042309351,
    "relativePath": "image/default_sprite.png"
  },
  "73a0903d-d80e-4e3c-aa67-f999543c08f5": {
    "asset": 1523971143000,
    "meta": 1527042309350,
    "relativePath": "image/default_toggle_checkmark.png"
  },
  "a56c06ea-9038-4c8b-bf27-9e29f78f7d43": {
    "asset": 1526743584893,
    "meta": 1526743584924,
    "relativePath": "Texture/+.png"
  },
  "61c4fbb9-4a0a-44b7-96e1-54ee2116e603": {
    "asset": 1526743601557,
    "meta": 1526743601592,
    "relativePath": "Texture/big.png"
  },
  "f5118c0a-27db-44c7-9c57-9bcab9777b3c": {
    "asset": 1526743833962,
    "meta": 1526743833967,
    "relativePath": "Prefab/add.prefab"
  },
  "8cfee34d-6811-4383-bc43-53a163554f5d": {
    "asset": 1526743830558,
    "meta": 1526743830565,
    "relativePath": "Prefab/Scale.prefab"
  },
  "31296433-aa24-427b-ba51-9fee87af33be": {
    "asset": 1526743832097,
    "meta": 1526743832099,
    "relativePath": "Prefab/big.prefab"
  },
  "bff6108d-39a3-4f32-8e70-003a10542f4e": {
    "asset": 1526783099032,
    "meta": 1526783506626,
    "relativePath": "Script/Globa.js"
  },
  "41fa2e55-a020-402f-914d-2cdd8c623e84": {
    "asset": 1526783534594,
    "meta": 1526783696423,
    "relativePath": "Script/one-side-platform.js"
  },
  "806ec576-3c90-4371-83bd-2d0b2a7e058b": {
    "asset": 1526787730401,
    "meta": 1526787732434,
    "relativePath": "Script/WallNum.js"
  },
  "b1edcd8b-3077-496f-90fb-6025b63cd7ca": {
    "asset": 1526800038215,
    "meta": 1526800039640,
    "relativePath": "Script/Game.js"
  },
  "6c080057-ff0d-4a00-a603-71aa7a8bc9dd": {
    "asset": 1526800384743,
    "meta": 1526800571308,
    "relativePath": "Script/Ball.js"
  },
  "c156e816-35ad-44e1-b0dc-a156839f0ac4": {
    "asset": 1526732596286,
    "meta": 1526700756308,
    "relativePath": "Animation"
  }
}