{
  "item-states": [
    {
      "folded": false,
      "id": "mount-assets"
    },
    {
      "folded": false,
      "id": "29f52784-2fca-467b-92e7-8fd9ef8c57b7"
    },
    {
      "folded": false,
      "id": "4734c20c-0db8-4eb2-92ea-e692f4d70934"
    },
    {
      "folded": false,
      "id": "7b81d4e8-ec84-4716-968d-500ac1d78a54"
    },
    {
      "folded": true,
      "id": "2a2b8481-a531-421f-87f8-0ea83e4a5ace"
    },
    {
      "folded": true,
      "id": "c173673a-eb9e-40b1-a9a0-3f794ea4858e"
    },
    {
      "folded": false,
      "id": "c156e816-35ad-44e1-b0dc-a156839f0ac4"
    },
    {
      "folded": false,
      "id": "c7976b38-8abe-4457-8198-2b4c539cd736"
    },
    {
      "folded": true,
      "id": "e752d299-5152-41cc-87c6-0dc38438b974"
    },
    {
      "folded": true,
      "id": "4a29b02d-fc90-4d76-ab7a-3b0c2949f8a7"
    },
    {
      "folded": true,
      "id": "9c886366-6275-4da9-8a1c-23540133a943"
    },
    {
      "folded": true,
      "id": "f91507e1-c563-468c-a16d-9249ff53ac5c"
    },
    {
      "folded": true,
      "id": "61c4fbb9-4a0a-44b7-96e1-54ee2116e603"
    },
    {
      "folded": true,
      "id": "a469ba0f-666d-41b4-bd0a-ec710f603806"
    },
    {
      "folded": false,
      "id": "cc0a96f0-f9b3-462f-9170-e67a7af7fa80"
    },
    {
      "folded": true,
      "id": "7d1c4bb2-f47c-4126-af7d-d9fdf6c6ff02"
    },
    {
      "folded": true,
      "id": "46d22059-6eef-4859-981d-213b24984379"
    },
    {
      "folded": true,
      "id": "f66be87e-2160-4e8d-8c1c-3d8d8452c7c1"
    },
    {
      "folded": true,
      "id": "7145d0bf-d034-421f-8250-dce092d8709d"
    },
    {
      "folded": true,
      "id": "251dc7b9-fe5d-448f-94e8-636161d5dd9d"
    },
    {
      "folded": true,
      "id": "ce312964-fbdf-45df-aee3-d03474b45976"
    },
    {
      "folded": true,
      "id": "516a645e-0fd5-44d7-bbb1-02452266c75f"
    },
    {
      "folded": true,
      "id": "95bb2887-7e5b-49a4-b785-01d1eca878a4"
    },
    {
      "folded": true,
      "id": "2548fa61-ed26-4462-bc8c-6b69b6bd4600"
    },
    {
      "folded": true,
      "id": "4ef06a6d-fb9f-40b7-bdab-240b3150c30e"
    },
    {
      "folded": true,
      "id": "634da99c-d1d0-47e1-811b-2f64ae28234d"
    },
    {
      "folded": true,
      "id": "999b726e-386c-40f4-8f06-0601afeca0d0"
    },
    {
      "folded": true,
      "id": "1d435258-684b-43e1-b629-b3a50d067cf5"
    },
    {
      "folded": true,
      "id": "aa4931ae-6655-45e3-a290-6f8c2c97b99b"
    },
    {
      "folded": true,
      "id": "435e6bc5-74ee-4323-954c-4617605fafbc"
    },
    {
      "folded": true,
      "id": "a56c06ea-9038-4c8b-bf27-9e29f78f7d43"
    }
  ]
}