{
  "item-states": [
    {
      "folded": true,
      "id": "48Z4ZQjOBILbCKOVNsZmDw"
    },
    {
      "folded": true,
      "id": "2doUaLy/RJeqRSaY3M2bUX"
    },
    {
      "folded": true,
      "id": "1dlNRmUFxOarQKzLpn3O0u"
    },
    {
      "folded": true,
      "id": "ddvSHMQOlO6pIKD1TtJhBl"
    },
    {
      "folded": true,
      "id": "77xWLhTntLcqxpqsU2MAHB"
    },
    {
      "folded": true,
      "id": "094yZ1NDtIT46Unsdeyi0n"
    },
    {
      "folded": true,
      "id": "e4nk1TSlRLbL3eg+9OvZ2p"
    },
    {
      "folded": false,
      "id": "93dp6u92lH35iS5Yq7S3ts"
    },
    {
      "folded": true,
      "id": "81WtZuJDpM7K61o8S28JN7"
    },
    {
      "folded": false,
      "id": "d9FeRAvJ5D9b6mfN7as4xC"
    },
    {
      "folded": false,
      "id": "a286bbGknJLZpRpxROV6M94"
    }
  ]
}