{
  "version": "1.1.1",
  "windows": {
    "main": {
      "main": true,
      "url": "app://editor/index.html",
      "windowType": "dockable",
      "x": 0,
      "y": 26,
      "width": 1680,
      "height": 980,
      "layout": {
        "children": [
          {
            "children": [
              {
                "active": 0,
                "children": [
                  "hierarchy"
                ],
                "height": 343,
                "type": "panel",
                "width": 425
              },
              {
                "active": 0,
                "children": [
                  "assets"
                ],
                "height": 543,
                "type": "panel",
                "width": 425
              }
            ],
            "height": 889,
            "type": "dock-v",
            "width": 425
          },
          {
            "children": [
              {
                "active": 0,
                "children": [
                  "scene"
                ],
                "height": 610,
                "type": "panel",
                "width": 939
              },
              {
                "active": 0,
                "children": [
                  "console",
                  "timeline"
                ],
                "height": 276,
                "type": "panel",
                "width": 939
              }
            ],
            "height": 889,
            "type": "dock-v",
            "width": 939
          },
          {
            "active": 0,
            "children": [
              "inspector"
            ],
            "height": 889,
            "type": "panel",
            "width": 304
          }
        ],
        "type": "dock-h"
      },
      "panels": [
        "console",
        "inspector",
        "hierarchy",
        "assets",
        "scene",
        "timeline"
      ]
    },
    "window-1527042363033": {}
  },
  "panels": {
    "store": {
      "x": 419,
      "y": 174,
      "width": 800,
      "height": 622
    },
    "project-settings": {
      "x": 78,
      "y": 55,
      "width": 1578,
      "height": 774
    },
    "builder": {
      "x": 89,
      "y": 59,
      "width": 500,
      "height": 722
    }
  }
}