{
  "__type__": "cc.AnimationClip",
  "_name": "Posui",
  "_objFlags": 0,
  "_rawFiles": null,
  "_duration": 0.23333333333333334,
  "sample": 60,
  "speed": 1,
  "wrapMode": 1,
  "curveData": {
    "comps": {
      "cc.Sprite": {
        "spriteFrame": [
          {
            "frame": 0,
            "value": {
              "__uuid__": "c02593aa-1a34-4c3c-94ad-87e019f12675"
            }
          },
          {
            "frame": 0.016666666666666666,
            "value": {
              "__uuid__": "45034759-a5cb-4713-925f-ecf431598b72"
            }
          },
          {
            "frame": 0.03333333333333333,
            "value": {
              "__uuid__": "87456455-e76f-4560-aea0-e7f8eb083e9c"
            }
          },
          {
            "frame": 0.05,
            "value": {
              "__uuid__": "f5557560-2411-49c9-b4e2-f45892826ed7"
            }
          },
          {
            "frame": 0.06666666666666667,
            "value": {
              "__uuid__": "f8aa3c52-3efb-47b5-a4ff-095b5811f81c"
            }
          },
          {
            "frame": 0.08333333333333333,
            "value": {
              "__uuid__": "8b3f7f2c-834b-4120-b675-d8c3e50c8af4"
            }
          },
          {
            "frame": 0.1,
            "value": {
              "__uuid__": "2cfe59f5-f58d-463f-854d-667527fda0e0"
            }
          },
          {
            "frame": 0.11666666666666667,
            "value": {
              "__uuid__": "d9c0117f-d578-4a27-9f45-07803880b900"
            }
          },
          {
            "frame": 0.13333333333333333,
            "value": {
              "__uuid__": "dec3c9d6-08eb-4f56-9426-70b87f4e1acb"
            }
          },
          {
            "frame": 0.15,
            "value": {
              "__uuid__": "609424b4-4db3-4c23-b11b-33b083416438"
            }
          },
          {
            "frame": 0.16666666666666666,
            "value": {
              "__uuid__": "5b81df96-7f41-4eea-9f00-432f9fabe893"
            }
          },
          {
            "frame": 0.18333333333333332,
            "value": {
              "__uuid__": "e1cb5a2c-c678-4153-891a-cbf04392b4f6"
            }
          },
          {
            "frame": 0.2,
            "value": {
              "__uuid__": "d98320f0-26bf-4170-9024-13aff83a85a0"
            }
          },
          {
            "frame": 0.21666666666666667,
            "value": {
              "__uuid__": "4fa30b19-8643-4316-9728-5eed14114ec3"
            }
          }
        ]
      }
    }
  },
  "events": []
}