[
  {
    "__type__": "cc.Prefab",
    "_name": "LingXing",
    "_objFlags": 0,
    "_rawFiles": null,
    "data": {
      "__id__": 1
    },
    "asyncLoadAssets": false
  },
  {
    "__type__": "cc.Node",
    "_name": "LingXing",
    "_objFlags": 0,
    "_parent": null,
    "_children": [
      {
        "__id__": 2
      }
    ],
    "_tag": -1,
    "_active": true,
    "_components": [
      {
        "__id__": 5
      },
      {
        "__id__": 6
      },
      {
        "__id__": 7
      },
      {
        "__id__": 8
      },
      {
        "__id__": 9
      }
    ],
    "_prefab": {
      "__id__": 10
    },
    "_id": "",
    "_opacity": 255,
    "_color": {
      "__type__": "cc.Color",
      "r": 255,
      "g": 255,
      "b": 0,
      "a": 255
    },
    "_cascadeOpacityEnabled": true,
    "_anchorPoint": {
      "__type__": "cc.Vec2",
      "x": 0.5,
      "y": 0.5
    },
    "_contentSize": {
      "__type__": "cc.Size",
      "width": 77,
      "height": 73
    },
    "_rotationX": -28,
    "_rotationY": -28,
    "_scaleX": 1,
    "_scaleY": 1,
    "_position": {
      "__type__": "cc.Vec2",
      "x": -200,
      "y": -119
    },
    "_skewX": 0,
    "_skewY": 0,
    "_localZOrder": 0,
    "_globalZOrder": 0,
    "_opacityModifyRGB": false,
    "groupIndex": 6
  },
  {
    "__type__": "cc.Node",
    "_name": "text",
    "_objFlags": 0,
    "_parent": {
      "__id__": 1
    },
    "_children": [],
    "_tag": -1,
    "_active": true,
    "_components": [
      {
        "__id__": 3
      }
    ],
    "_prefab": {
      "__id__": 4
    },
    "_id": "",
    "_opacity": 255,
    "_color": {
      "__type__": "cc.Color",
      "r": 0,
      "g": 0,
      "b": 0,
      "a": 255
    },
    "_cascadeOpacityEnabled": true,
    "_anchorPoint": {
      "__type__": "cc.Vec2",
      "x": 0.5,
      "y": 0.5
    },
    "_contentSize": {
      "__type__": "cc.Size",
      "width": 33,
      "height": 26
    },
    "_rotationX": 28,
    "_rotationY": 28,
    "_scaleX": 1,
    "_scaleY": 1,
    "_position": {
      "__type__": "cc.Vec2",
      "x": 0.1,
      "y": -3.3
    },
    "_skewX": 0,
    "_skewY": 0,
    "_localZOrder": 0,
    "_globalZOrder": 0,
    "_opacityModifyRGB": false,
    "groupIndex": 0
  },
  {
    "__type__": "cc.Label",
    "_name": "",
    "_objFlags": 0,
    "node": {
      "__id__": 2
    },
    "_enabled": true,
    "_useOriginalSize": false,
    "_actualFontSize": 20,
    "_fontSize": 20,
    "_lineHeight": 26,
    "_enableWrapText": true,
    "_N$file": null,
    "_isSystemFontUsed": true,
    "_spacingX": 0,
    "_N$string": "999",
    "_N$horizontalAlign": 1,
    "_N$verticalAlign": 1,
    "_N$fontFamily": "Arial",
    "_N$overflow": 0
  },
  {
    "__type__": "cc.PrefabInfo",
    "root": {
      "__id__": 1
    },
    "asset": {
      "__uuid__": "4a16271a-4372-4150-9082-eea23335abc3"
    },
    "fileId": "2eoefraAhK3qxKeo91Eg0b",
    "sync": false
  },
  {
    "__type__": "cc.Sprite",
    "_name": "",
    "_objFlags": 0,
    "node": {
      "__id__": 1
    },
    "_enabled": true,
    "_spriteFrame": {
      "__uuid__": "1e850b5a-0b11-48ce-8a39-69ddd60ffdb3"
    },
    "_type": 0,
    "_sizeMode": 1,
    "_fillType": 0,
    "_fillCenter": {
      "__type__": "cc.Vec2",
      "x": 0,
      "y": 0
    },
    "_fillStart": 0,
    "_fillRange": 0,
    "_isTrimmedMode": true,
    "_srcBlendFactor": 770,
    "_dstBlendFactor": 771,
    "_atlas": null
  },
  {
    "__type__": "cc.RigidBody",
    "_name": "",
    "_objFlags": 0,
    "node": {
      "__id__": 1
    },
    "_enabled": true,
    "_type": 0,
    "_allowSleep": false,
    "_gravityScale": 1,
    "_linearDamping": 0,
    "_angularDamping": 0,
    "_linearVelocity": {
      "__type__": "cc.Vec2",
      "x": 0,
      "y": 0
    },
    "_angularVelocity": 0,
    "_fixedRotation": false,
    "enabledContactListener": true,
    "bullet": false
  },
  {
    "__type__": "cc.PhysicsChainCollider",
    "_name": "",
    "_objFlags": 0,
    "node": {
      "__id__": 1
    },
    "_enabled": true,
    "tag": 0,
    "_density": 1,
    "_sensor": false,
    "_friction": 0.2,
    "_restitution": 0.1,
    "body": null,
    "loop": false,
    "points": [
      {
        "__type__": "cc.Vec2",
        "x": -1.5,
        "y": 36.5
      },
      {
        "__type__": "cc.Vec2",
        "x": -38.5,
        "y": 9.5
      },
      {
        "__type__": "cc.Vec2",
        "x": -35.5,
        "y": -4.5
      },
      {
        "__type__": "cc.Vec2",
        "x": -24.5,
        "y": -36.5
      },
      {
        "__type__": "cc.Vec2",
        "x": 24.5,
        "y": -36.5
      },
      {
        "__type__": "cc.Vec2",
        "x": 38.5,
        "y": 5.5
      },
      {
        "__type__": "cc.Vec2",
        "x": 38.5,
        "y": 9.5
      },
      {
        "__type__": "cc.Vec2",
        "x": 35.5,
        "y": 12.5
      },
      {
        "__type__": "cc.Vec2",
        "x": 33.5,
        "y": 12.5
      },
      {
        "__type__": "cc.Vec2",
        "x": 28.5,
        "y": 17.5
      },
      {
        "__type__": "cc.Vec2",
        "x": 23.5,
        "y": 19.5
      },
      {
        "__type__": "cc.Vec2",
        "x": 21.5,
        "y": 22.5
      },
      {
        "__type__": "cc.Vec2",
        "x": 16.5,
        "y": 24.5
      },
      {
        "__type__": "cc.Vec2",
        "x": 3.5,
        "y": 35.5
      }
    ]
  },
  {
    "__type__": "806ecV2PJBDcYO9LQsqfgWL",
    "_name": "",
    "_objFlags": 0,
    "node": {
      "__id__": 1
    },
    "_enabled": true,
    "num": {
      "__id__": 2
    }
  },
  {
    "__type__": "cc.Animation",
    "_name": "",
    "_objFlags": 0,
    "node": {
      "__id__": 1
    },
    "_enabled": true,
    "_defaultClip": null,
    "_clips": [
      {
        "__uuid__": "9ee9083c-4aef-4c4a-a198-54bff0636bb4"
      }
    ],
    "playOnLoad": false
  },
  {
    "__type__": "cc.PrefabInfo",
    "root": {
      "__id__": 1
    },
    "asset": {
      "__uuid__": "4a16271a-4372-4150-9082-eea23335abc3"
    },
    "fileId": "03/U+707VPooPsJXJnFi5c",
    "sync": false
  }
]